{"cameraMode":{"drawMode":0,"name":"Shaded","section":"Shading Mode"},"sceneLighting":true,"audioPlay":false,"sceneViewState":{"m_AlwaysRefresh":false,"showFog":true,"showSkybox":true,"showFlares":true,"showImageEffects":true,"showParticleSystems":true,"showVisualEffectGraphs":true,"m_FxEnabled":true},"in2DMode":false,"pivot":{"x":25.772491455078126,"y":-47.05313491821289,"z":120.12486267089844},"rotation":{"x":0.19494569301605225,"y":0.10716624557971955,"z":-0.021429991349577905,"w":0.9747111797332764},"size":76.6557846069336,"orthographic":false}